"rater_id","reference_title","soft_attribute","less_than","about_as","more_than"
1,"Jurassic Park (1993)","artsy","[Monsters, Inc. (2001),Home Alone (1990),Aliens (1986),Toy Story 2 (1999),The Incredibles (2004)]","[The Sixth Sense (1999),Alien (1979)]","[The Lion King (1994),Pulp Fiction (1994),The Silence of the Lambs (1991)]"
1,"The Silence of the Lambs (1991)","heartfelt","[Snow White and the Seven Dwarfs (1937),Home Alone (1990),Chicken Run (2000),Toy Story 2 (1999),Harry Potter and the Sorcerer's Stone (a.k.a. Harry Potter and the Philosopher's Stone) (2001),Monsters, Inc. (2001)]","[Good Will Hunting (1997),Forrest Gump (1994)]","[Schindler's List (1993),The Sixth Sense (1999)]"
14,"Pleasantville (1998)","artsy","[Armageddon (1998),Batman Begins (2005)]","[The Sound of Music (1965),Speed (1994),The Santa Clause (1994),The Lost World: Jurassic Park (1997),Grease (1978)]","[Run Lola Run (Lola rennt) (1998),Shrek (2001),Jumanji (1995)]"
2,"Lethal Weapon (1987)","artsy","[Harry Potter and the Sorcerer's Stone (a.k.a. Harry Potter and the Philosopher's Stone) (2001),The Mask (1994),E.T. the Extra-Terrestrial (1982)]","[Twelve Monkeys (a.k.a. 12 Monkeys) (1995)]","[Life Is Beautiful (La Vita è bella) (1997),Kill Bill: Vol. 2 (2004),It's a Wonderful Life (1946),As Good as It Gets (1997),Forrest Gump (1994)]"
2,"Naked Gun 33 1/3: The Final Insult (1994)","heartfelt",NULL,"[Charlie's Angels (2000),Catch Me If You Can (2002)]","[Shrek (2001),Mary Poppins (1964),The Little Mermaid (1989),Twister (1996),Armageddon (1998)]"
3,"Top Gun (1986)","artsy","[Scream (1996),Addams Family Values (1993),Willy Wonka & the Chocolate Factory (1971)]","[Good Will Hunting (1997),GoldenEye (1995)]","[Shrek 2 (2004),Toy Story (1995),Aladdin (1992),The Lost World: Jurassic Park (1997),The Lord of the Rings: The Return of the King (2003)]"
3,"Forrest Gump (1994)","heartfelt","[Honey, I Shrunk the Kids (1989),Ace Ventura: Pet Detective (1994),Liar Liar (1997),Pulp Fiction (1994),Spider-Man 2 (2004),Clockwork Orange, A (1971),Grease (1978)]","[E.T. the Extra-Terrestrial (1982),Back to the Future (1985),Minority Report (2002)]",NULL
4,"Chicken Run (2000)","artsy","[Mary Poppins (1964),Die Hard: With a Vengeance (1995),Jaws (1975),Home Alone (1990),Meet the Parents (2000),Titanic (1997),Forrest Gump (1994)]",NULL,"[Shrek 2 (2004),Batman Forever (1995),The Little Mermaid (1989)]"
4,"Raiders of the Lost Ark (Indiana Jones and the Raiders of the Lost Ark) (1981)","heartfelt",NULL,"[X2: X-Men United (2003),Clerks (1994),Fight Club (1999),Crouching Tiger, Hidden Dragon (Wo hu cang long) (2000),Braveheart (1995),Twister (1996)]","[Beauty and the Beast (1991),Titanic (1997),Monsters, Inc. (2001),Beetlejuice (1988)]"
5,"Star Wars: Episode I - The Phantom Menace (1999)","artsy","[Lethal Weapon (1987),Naked Gun 33 1/3: The Final Insult (1994),Austin Powers: International Man of Mystery (1997)]","[The Godfather (1972),Beauty and the Beast (1991),The Crow (1994),Memento (2000),The Incredibles (2004),Shrek (2001)]","[The Nightmare Before Christmas (1993)]"
5,"Star Wars: Episode I - The Phantom Menace (1999)","heartfelt","[Back to the Future Part III (1990),Charlie's Angels (2000),Predator (1987),Ransom (1996),Jurassic Park (1993)]","[Mrs. Doubtfire (1993),Star Trek: Generations (1994)]","[The Crow (1994),E.T. the Extra-Terrestrial (1982),The Shining (1980)]"
6,"The Wizard of Oz (1939)","artsy","[Austin Powers: The Spy Who Shagged Me (1999),Back to the Future Part III (1990),Ghostbusters (a.k.a. Ghost Busters) (1984),Star Trek: Generations (1994),Jumanji (1995),Spider-Man (2002),The Terminator (1984)]","[Mary Poppins (1964),The Princess Bride (1987),Four Weddings and a Funeral (1994)]",NULL
6,"Snow White and the Seven Dwarfs (1937)","heartfelt","[The Usual Suspects (1995),Mission: Impossible (1996),RoboCop (1987)]","[Grease (1978),Back to the Future (1985)]","[Schindler's List (1993),Sense and Sensibility (1995),Gladiator (2000),Ransom (1996),Edward Scissorhands (1990)]"
7,"Home Alone (1990)","artsy","[The Bourne Identity (2002),The Terminator (1984)]","[The Little Mermaid (1989),Beauty and the Beast (1991),Harry Potter and the Chamber of Secrets (2002),Ace Ventura: Pet Detective (1994),Snow White and the Seven Dwarfs (1937)]","[Braveheart (1995),The Sound of Music (1965),The Breakfast Club (1985)]"
7,"Raiders of the Lost Ark (Indiana Jones and the Raiders of the Lost Ark) (1981)","heartfelt","[Clueless (1995),Vertigo (1958),The Mask (1994)]","[Alien (1979),The Bourne Identity (2002),Aliens (1986)]","[Harry Potter and the Sorcerer's Stone (a.k.a. Harry Potter and the Philosopher's Stone) (2001),Shrek (2001),E.T. the Extra-Terrestrial (1982),Home Alone (1990)]"
8,"Mission: Impossible (1996)","artsy","[Office Space (1999)]","[Lethal Weapon (1987),American Pie (1999),Shrek 2 (2004),Ghost (1990)]","[Willy Wonka & the Chocolate Factory (1971),Kill Bill: Vol. 1 (2003),Independence Day (a.k.a. ID4) (1996),Star Wars: Episode IV - A New Hope (1977),The Lion King (1994)]"
8,"Mars Attacks! (1996)","heartfelt","[Meet the Parents (2000),Monty Python and the Holy Grail (1975),The Mask (1994)]","[Jaws (1975),Young Frankenstein (1974),Catch Me If You Can (2002)]","[Independence Day (a.k.a. ID4) (1996),Finding Nemo (2003),Toy Story 2 (1999),Monsters, Inc. (2001)]"
9,"Twister (1996)","artsy","[Chicken Run (2000)]","[Raiders of the Lost Ark (Indiana Jones and the Raiders of the Lost Ark) (1981),The Crow (1994),Back to the Future Part II (1989),Robin Hood: Men in Tights (1993)]","[Babe (1995),Stand by Me (1986),The Dark Knight (2008),Forrest Gump (1994),The Lord of the Rings: The Return of the King (2003)]"
9,"Back to the Future Part III (1990)","heartfelt","[Liar Liar (1997)]","[The Dark Knight (2008),The Lord of the Rings: The Return of the King (2003),Face/Off (1997),Die Hard: With a Vengeance (1995),Interview with the Vampire: The Vampire Chronicles (1994)]","[Babe (1995),Home Alone (1990),The Lion King (1994),The Little Mermaid (1989)]"
10,"Chicken Run (2000)","artsy","[Pretty Woman (1990),The Godfather (1972),The Terminator (1984)]","[Austin Powers: The Spy Who Shagged Me (1999)]","[The Lion King (1994),The Princess Bride (1987),Back to the Future Part III (1990),Harry Potter and the Sorcerer's Stone (a.k.a. Harry Potter and the Philosopher's Stone) (2001),Jurassic Park (1993),Pirates of the Caribbean: The Curse of the Black Pearl (2003)]"
10,"The Little Mermaid (1989)","heartfelt","[Men in Black (a.k.a. MIB) (1997),Mission: Impossible (1996),Spider-Man 2 (2004),Harry Potter and the Sorcerer's Stone (a.k.a. Harry Potter and the Philosopher's Stone) (2001),Ghostbusters (a.k.a. Ghost Busters) (1984),Robin Hood: Men in Tights (1993)]","[Toy Story 2 (1999),Toy Story (1995)]","[Mary Poppins (1964),Forrest Gump (1994)]"
11,"Terminator 2: Judgment Day (1991)","artsy",NULL,"[Spider-Man 2 (2004),The Terminator (1984),Die Hard (1988),Ocean's Eleven (2001),The Breakfast Club (1985)]","[Snow White and the Seven Dwarfs (1937),Toy Story (1995),Shrek 2 (2004),Harry Potter and the Sorcerer's Stone (a.k.a. Harry Potter and the Philosopher's Stone) (2001),The Mask (1994)]"
11,"Raiders of the Lost Ark (Indiana Jones and the Raiders of the Lost Ark) (1981)","heartfelt","[Shrek (2001),Snow White and the Seven Dwarfs (1937),Finding Nemo (2003),Harry Potter and the Sorcerer's Stone (a.k.a. Harry Potter and the Philosopher's Stone) (2001),Toy Story 2 (1999)]","[Pulp Fiction (1994),The Lost World: Jurassic Park (1997)]","[Full Metal Jacket (1987),Fight Club (1999),The Matrix Reloaded (2003)]"
12,"Goodfellas (1990)","artsy","[American Pie (1999),Die Hard (1988),Liar Liar (1997),Armageddon (1998),Dumb & Dumber (Dumb and Dumber) (1994),Happy Gilmore (1996),Spider-Man 2 (2004),The Dark Knight (2008),Meet the Parents (2000)]","[E.T. the Extra-Terrestrial (1982)]",NULL
12,"Austin Powers: The Spy Who Shagged Me (1999)","heartfelt","[Donnie Darko (2001),The Usual Suspects (1995)]","[My Cousin Vinny (1992)]","[Memento (2000),Armageddon (1998),Home Alone (1990),E.T. the Extra-Terrestrial (1982),Shrek (2001),Titanic (1997),Die Hard (1988)]"
13,"Beauty and the Beast (1991)","artsy","[Titanic (1997),Ace Ventura: When Nature Calls (1995),Men in Black (a.k.a. MIB) (1997)]","[The Mask (1994),The Terminator (1984),Charlie's Angels (2000),Terminator 2: Judgment Day (1991)]","[Jumanji (1995),Shrek 2 (2004)]"
13,"True Lies (1994)","heartfelt","[Ace Ventura: Pet Detective (1994),Terminator 2: Judgment Day (1991)]","[Men in Black (a.k.a. MIB) (1997),Pirates of the Caribbean: The Curse of the Black Pearl (2003),Jumanji (1995)]","[Grease (1978),Monsters, Inc. (2001),Home Alone (1990),Shrek (2001),Mrs. Doubtfire (1993)]"
14,"Jumanji (1995)","heartfelt","[The Silence of the Lambs (1991),The Nutty Professor (1996),Chicken Run (2000),The Lost World: Jurassic Park (1997)]","[Congo (1995),Indiana Jones and the Last Crusade (1989)]","[Amelie (Fabuleux destin d'Amélie Poulain, Le) (2001),Aladdin (1992),Braveheart (1995),The Wizard of Oz (1939)]"
15,"Willy Wonka & the Chocolate Factory (1971)","artsy","[Arachnophobia (1990),The Lost World: Jurassic Park (1997),Fight Club (1999),What's Eating Gilbert Grape (1993),Groundhog Day (1993),Natural Born Killers (1994)]","[Ghostbusters (a.k.a. Ghost Busters) (1984),E.T. the Extra-Terrestrial (1982),Men in Black (a.k.a. MIB) (1997),Home Alone (1990)]",NULL
15,"Forrest Gump (1994)","heartfelt","[Young Frankenstein (1974),Monsters, Inc. (2001),Mary Poppins (1964),The Mummy (1999),Snow White and the Seven Dwarfs (1937),Aladdin (1992),Shrek (2001)]","[Tombstone (1993),Top Gun (1986),The Sixth Sense (1999)]",NULL
16,"Indiana Jones and the Temple of Doom (1984)","artsy","[Erin Brockovich (2000),The Fugitive (1993),Aliens (1986),Raiders of the Lost Ark (Indiana Jones and the Raiders of the Lost Ark) (1981)]","[Boogie Nights (1997),Sin City (2005),Batman Forever (1995),The Mask (1994)]","[Who Framed Roger Rabbit? (1988),The Lost World: Jurassic Park (1997)]"
16,"Ace Ventura: Pet Detective (1994)","heartfelt","[The Sixth Sense (1999),The Rock (1996),GoldenEye (1995),Psycho (1960),Mission: Impossible (1996),Beautiful Mind, A (2001)]","[The Mummy (1999)]","[Austin Powers: The Spy Who Shagged Me (1999),Back to the Future Part III (1990),The Mask (1994)]"
17,"Aliens (1986)","artsy",NULL,"[Kill Bill: Vol. 1 (2003),Aladdin (1992),Groundhog Day (1993),Jaws (1975),Rocky (1976)]","[Superman (1978),Sin City (2005),Speed (1994),The Rock (1996),Raiders of the Lost Ark (Indiana Jones and the Raiders of the Lost Ark) (1981)]"
17,"Star Wars: Episode VI - Return of the Jedi (1983)","heartfelt","[Ace Ventura: Pet Detective (1994)]","[Ghostbusters (a.k.a. Ghost Busters) (1984),The Lord of the Rings: The Fellowship of the Ring (2001),Happy Gilmore (1996),Brazil (1985),Seven (a.k.a. Se7en) (1995)]","[The Silence of the Lambs (1991),Ghost (1990),Grease (1978),Blade Runner (1982)]"
18,"The Godfather: Part II (1974)","artsy","[Erin Brockovich (2000),When Harry Met Sally... (1989)]","[Contact (1997),My Cousin Vinny (1992),The Godfather (1972)]","[The Sound of Music (1965),Clueless (1995),Batman (1989),Ghostbusters (a.k.a. Ghost Busters) (1984),Spider-Man 2 (2004)]"
18,"Batman Forever (1995)","heartfelt","[Apollo 13 (1995),The Godfather (1972)]","[Speed (1994),X2: X-Men United (2003),Spider-Man (2002),Honey, I Shrunk the Kids (1989)]","[Few Good Men, A (1992),The Breakfast Club (1985),Clueless (1995),The Little Mermaid (1989)]"
19,"Men in Black (a.k.a. MIB) (1997)","artsy","[Shrek 2 (2004),Ghostbusters (a.k.a. Ghost Busters) (1984),The Truman Show (1998),Honey, I Shrunk the Kids (1989),Home Alone (1990)]","[Beauty and the Beast (1991),Bug's Life, A (1998),Austin Powers: International Man of Mystery (1997),Addams Family Values (1993)]","[Inception (2010)]"
19,"Ace Ventura: Pet Detective (1994)","heartfelt","[Ace Ventura: When Nature Calls (1995),The Blair Witch Project (1999),Monty Python and the Holy Grail (1975),Charlie's Angels (2000),The Shining (1980),The Lord of the Rings: The Two Towers (2002)]","[Jurassic Park (1993),Jumanji (1995)]","[The Nightmare Before Christmas (1993),Finding Nemo (2003)]"
20,"Liar Liar (1997)","artsy","[Addams Family Values (1993),Beauty and the Beast (1991),Back to the Future Part III (1990),Ace Ventura: Pet Detective (1994),Indiana Jones and the Last Crusade (1989)]","[Ocean's Eleven (2001),The Mask (1994)]","[Gladiator (2000),Braveheart (1995),The Lost World: Jurassic Park (1997)]"
20,"Jurassic Park (1993)","heartfelt","[Dumb & Dumber (Dumb and Dumber) (1994),Liar Liar (1997),Die Hard 2 (1990),GoldenEye (1995),Pirates of the Caribbean: The Curse of the Black Pearl (2003),Men in Black (a.k.a. MIB) (1997)]","[Desperado (1995)]","[Toy Story 2 (1999),Snow White and the Seven Dwarfs (1937),Back to the Future Part II (1989)]"
21,"Top Gun (1986)","artsy","[American Beauty (1999),Fight Club (1999),Speed (1994)]","[Apollo 13 (1995),In the Line of Fire (1993),Unforgiven (1992)]","[Scream (1996),Indiana Jones and the Temple of Doom (1984),Goodfellas (1990),Pulp Fiction (1994)]"
21,"Ace Ventura: When Nature Calls (1995)","heartfelt","[Get Shorty (1995),Speed (1994),Ocean's Eleven (2001),Total Recall (1990)]","[Young Frankenstein (1974),Coneheads (1993),Ace Ventura: Pet Detective (1994)]","[My Cousin Vinny (1992),Toy Story (1995),The Incredibles (2004)]"
22,"The Santa Clause (1994)","artsy","[Home Alone (1990),Air Force One (1997),It's a Wonderful Life (1946)]","[Honey, I Shrunk the Kids (1989),Ghost (1990),Leaving Las Vegas (1995),Indiana Jones and the Last Crusade (1989),Dumb & Dumber (Dumb and Dumber) (1994)]","[Shrek 2 (2004),The Matrix Reloaded (2003)]"
22,"Goodfellas (1990)","heartfelt","[Jerry Maguire (1996),Pirates of the Caribbean: The Curse of the Black Pearl (2003),Eternal Sunshine of the Spotless Mind (2004),Willy Wonka & the Chocolate Factory (1971)]","[The Godfather (1972),Honey, I Shrunk the Kids (1989),Jumanji (1995),The Santa Clause (1994),Ocean's Eleven (2001),Back to the Future Part III (1990)]",NULL
23,"Big (1988)","artsy","[Pretty Woman (1990),American Pie (1999),When Harry Met Sally... (1989)]","[Catch Me If You Can (2002)]","[Spider-Man 2 (2004),The Terminator (1984),The Lion King (1994),Memento (2000),Jurassic Park (1993),The Sixth Sense (1999)]"
23,"Home Alone (1990)","heartfelt","[Clueless (1995),Dumb & Dumber (Dumb and Dumber) (1994)]","[Meet the Parents (2000),The Little Mermaid (1989),Pirates of the Caribbean: The Curse of the Black Pearl (2003),The Princess Bride (1987),Beauty and the Beast (1991),Catch Me If You Can (2002)]","[When Harry Met Sally... (1989),Donnie Darko (2001)]"
24,"Independence Day (a.k.a. ID4) (1996)","artsy","[The Matrix Reloaded (2003)]","[Mission: Impossible (1996),Saving Private Ryan (1998),The Silence of the Lambs (1991)]","[Chicken Run (2000),Monsters, Inc. (2001),Beetlejuice (1988),Toy Story 2 (1999),Edward Scissorhands (1990),Star Wars: Episode VI - Return of the Jedi (1983)]"
24,"The Mask (1994)","heartfelt",NULL,"[The Truth About Cats & Dogs (1996),Beetlejuice (1988),Charlie's Angels (2000)]","[Spider-Man 2 (2004),The Wizard of Oz (1939),The Lion King (1994),Toy Story 2 (1999),American History X (1998),Bug's Life, A (1998),X2: X-Men United (2003)]"
25,"My Cousin Vinny (1992)","artsy","[Home Alone (1990),True Lies (1994),Charlie's Angels (2000),The Lost World: Jurassic Park (1997)]","[As Good as It Gets (1997)]","[Braveheart (1995),Dead Poets Society (1989),The Sound of Music (1965),The Matrix Reloaded (2003),V for Vendetta (2006)]"
25,"Rear Window (1954)","heartfelt","[Donnie Darko (2001),X2: X-Men United (2003),Mission: Impossible II (2000),The Abyss (1989),Pulp Fiction (1994),Batman Begins (2005),The Lost World: Jurassic Park (1997)]","[Rocky (1976),The Godfather (1972)]",NULL
26,"To Kill a Mockingbird (1962)","artsy","[Back to the Future Part III (1990),Die Hard (1988),Shrek 2 (2004),Batman (1989),Batman Forever (1995),The Cable Guy (1996),As Good as It Gets (1997),Spider-Man 2 (2004)]","[Mr. Holland's Opus (1995),Forrest Gump (1994)]",NULL
26,"Forrest Gump (1994)","heartfelt","[Honey, I Shrunk the Kids (1989),Batman (1989),Alien (1979),Babe (1995),Kill Bill: Vol. 2 (2004),The Dark Knight (2008),The Cable Guy (1996),Inception (2010)]","[Braveheart (1995)]","[It's a Wonderful Life (1946)]"
27,"The Hunt for Red October (1990)","artsy","[The Blair Witch Project (1999),Shrek 2 (2004),Rocky (1976),Snow White and the Seven Dwarfs (1937),The Truman Show (1998),The Mask (1994)]","[Saving Private Ryan (1998),The Terminator (1984),Mission: Impossible (1996),Ghostbusters (a.k.a. Ghost Busters) (1984)]",NULL
27,"The Lost World: Jurassic Park (1997)","heartfelt","[Coneheads (1993),V for Vendetta (2006),The Blair Witch Project (1999)]","[Bug's Life, A (1998),Who Framed Roger Rabbit? (1988),Happy Gilmore (1996),Waterworld (1995)]","[Grease (1978),Toy Story (1995),The Wizard of Oz (1939)]"
28,"Spider-Man (2002)","artsy","[Catch Me If You Can (2002),What's Eating Gilbert Grape (1993),Forrest Gump (1994)]","[Toy Story 2 (1999),Finding Nemo (2003),Snow White and the Seven Dwarfs (1937),The Incredibles (2004),Beauty and the Beast (1991)]","[Harry Potter and the Chamber of Secrets (2002),Men in Black (a.k.a. MIB) (1997)]"
28,"Beauty and the Beast (1991)","heartfelt","[Pirates of the Caribbean: The Curse of the Black Pearl (2003),Harry Potter and the Sorcerer's Stone (a.k.a. Harry Potter and the Philosopher's Stone) (2001),Spider-Man 2 (2004),The Mummy (1999),Monsters, Inc. (2001)]","[Snow White and the Seven Dwarfs (1937),Shrek (2001),Shrek 2 (2004)]","[The Lion King (1994),Titanic (1997)]"
29,"American Pie (1999)","artsy",NULL,"[When Harry Met Sally... (1989),Batman (1989),X-Men (2000),Ghostbusters (a.k.a. Ghost Busters) (1984),Austin Powers: The Spy Who Shagged Me (1999),Home Alone (1990)]","[Jerry Maguire (1996),V for Vendetta (2006),Inception (2010),The Lord of the Rings: The Fellowship of the Ring (2001)]"
29,"The Birdcage (1996)","heartfelt","[The Incredibles (2004),Inception (2010),Back to the Future (1985),The Graduate (1967),Robin Hood: Men in Tights (1993),Dogma (1999),Jurassic Park (1993)]","[Titanic (1997),The Nightmare Before Christmas (1993),Eternal Sunshine of the Spotless Mind (2004)]",NULL
30,"Home Alone (1990)","artsy","[Species (1995),Con Air (1997),What's Eating Gilbert Grape (1993),Honey, I Shrunk the Kids (1989)]","[The Santa Clause (1994),GoldenEye (1995),The Princess Bride (1987)]","[Spider-Man 2 (2004),Inception (2010),Platoon (1986)]"
30,"The Fugitive (1993)","heartfelt","[Ocean's Eleven (2001),Forrest Gump (1994),Austin Powers: The Spy Who Shagged Me (1999),Four Weddings and a Funeral (1994)]","[Fish Called Wanda, A (1988),Clockwork Orange, A (1971),Groundhog Day (1993)]","[Grease (1978),Twelve Monkeys (a.k.a. 12 Monkeys) (1995),Mary Poppins (1964)]"
31,"Home Alone (1990)","artsy","[The Green Mile (1999),American Beauty (1999),Pretty Woman (1990),E.T. the Extra-Terrestrial (1982)]","[Speed (1994),Gladiator (2000)]","[Shrek (2001),Shrek 2 (2004),The Lost World: Jurassic Park (1997)]"
31,"Top Gun (1986)","heartfelt","[Monty Python and the Holy Grail (1975),Pirates of the Caribbean: The Curse of the Black Pearl (2003),Finding Nemo (2003),Shrek 2 (2004)]","[Home Alone (1990),The Lion King (1994),Grease (1978)]","[Titanic (1997),Forrest Gump (1994),Gladiator (2000)]"
32,"Home Alone (1990)","artsy","[Meet the Parents (2000),Honey, I Shrunk the Kids (1989),Monsters, Inc. (2001)]","[Harry Potter and the Sorcerer's Stone (a.k.a. Harry Potter and the Philosopher's Stone) (2001),Snow White and the Seven Dwarfs (1937)]","[Life Is Beautiful (La Vita è bella) (1997),Austin Powers: International Man of Mystery (1997),The Big Lebowski (1998),Mary Poppins (1964),E.T. the Extra-Terrestrial (1982)]"
32,"Raiders of the Lost Ark (Indiana Jones and the Raiders of the Lost Ark) (1981)","heartfelt","[Austin Powers: International Man of Mystery (1997),Charlie's Angels (2000),The Silence of the Lambs (1991)]","[The Shining (1980),Meet the Parents (2000),Die Hard 2 (1990)]","[Aladdin (1992),Babe (1995),Seven (a.k.a. Se7en) (1995),Forrest Gump (1994)]"
33,"The Truman Show (1998)","artsy","[Addams Family Values (1993),The Incredibles (2004),The Wizard of Oz (1939),Happy Gilmore (1996),Honey, I Shrunk the Kids (1989)]","[E.T. the Extra-Terrestrial (1982),Austin Powers: The Spy Who Shagged Me (1999)]","[What's Eating Gilbert Grape (1993),The Lion King (1994),The Lord of the Rings: The Fellowship of the Ring (2001)]"
33,"The Wizard of Oz (1939)","heartfelt","[Batman (1989),Ghostbusters (a.k.a. Ghost Busters) (1984),Austin Powers: International Man of Mystery (1997),Austin Powers: The Spy Who Shagged Me (1999),Jumanji (1995),Honey, I Shrunk the Kids (1989),Beverly Hills Cop III (1994),Happy Gilmore (1996)]","[Toy Story 2 (1999)]","[Good Will Hunting (1997)]"
34,"Die Hard (1988)","artsy","[Mrs. Doubtfire (1993),My Cousin Vinny (1992)]","[The Godfather (1972),The Incredibles (2004)]","[The Birdcage (1996),Harry Potter and the Sorcerer's Stone (a.k.a. Harry Potter and the Philosopher's Stone) (2001),Much Ado About Nothing (1993),The English Patient (1996),Titanic (1997),The Talented Mr. Ripley (1999)]"
34,"Sense and Sensibility (1995)","heartfelt","[Donnie Darko (2001),The Incredibles (2004),The Silence of the Lambs (1991),The Lord of the Rings: The Fellowship of the Ring (2001),Star Trek: First Contact (1996)]","[The Lion King (1994),The Little Mermaid (1989),Babe (1995),Mary Poppins (1964),Mrs. Doubtfire (1993)]",NULL
35,"Mary Poppins (1964)","artsy","[Clueless (1995),The Blair Witch Project (1999),It's a Wonderful Life (1946),Dances with Wolves (1990),Back to the Future Part II (1989),Mission: Impossible II (2000)]","[Addams Family Values (1993),Gone with the Wind (1939),Titanic (1997)]","[Monsters, Inc. (2001)]"
35,"Speed (1994)","heartfelt","[Who Framed Roger Rabbit? (1988)]","[GoldenEye (1995),Ransom (1996),Demolition Man (1993),The Departed (2006),Con Air (1997)]","[Edward Scissorhands (1990),Mary Poppins (1964),Willy Wonka & the Chocolate Factory (1971),The Nutty Professor (1996)]"
36,"Independence Day (a.k.a. ID4) (1996)","artsy","[As Good as It Gets (1997),Meet the Parents (2000)]","[The Sixth Sense (1999),Men in Black (a.k.a. MIB) (1997),Eyes Wide Shut (1999)]","[The Wizard of Oz (1939),The Mask (1994),Last Action Hero (1993),Beetlejuice (1988),Star Wars: Episode V - The Empire Strikes Back (1980)]"
36,"The Little Mermaid (1989)","heartfelt","[Hot Shots! Part Deux (1993),The Cable Guy (1996),Pulp Fiction (1994),Outbreak (1995),Traffic (2000),Catch Me If You Can (2002),The Hunt for Red October (1990),Office Space (1999),Back to the Future Part III (1990)]","[Finding Nemo (2003)]",NULL
37,"Legends of the Fall (1994)","artsy","[Jumanji (1995),Office Space (1999),Maverick (1994),Chasing Amy (1997),Stargate (1994),Fish Called Wanda, A (1988),Top Gun (1986),Shrek (2001),Scream (1996),The Mummy (1999)]",NULL,NULL
37,"Lethal Weapon (1987)","heartfelt","[Pulp Fiction (1994)]","[Predator (1987),Total Recall (1990),Stargate (1994),Back to the Future Part II (1989)]","[Dead Poets Society (1989),Beautiful Mind, A (2001),Edward Scissorhands (1990),Ransom (1996),The Incredibles (2004)]"
38,"Back to the Future Part III (1990)","artsy","[Forrest Gump (1994)]","[The Santa Clause (1994),Mission: Impossible (1996),The Lost World: Jurassic Park (1997)]","[Star Wars: Episode V - The Empire Strikes Back (1980),Shrek (2001),Jurassic Park (1993),Monsters, Inc. (2001),Pirates of the Caribbean: The Curse of the Black Pearl (2003),Star Wars: Episode I - The Phantom Menace (1999)]"
38,"Star Wars: Episode IV - A New Hope (1977)","heartfelt","[Shrek (2001),Back to the Future Part II (1989),Ace Ventura: When Nature Calls (1995),Minority Report (2002)]","[The Lord of the Rings: The Two Towers (2002),Cast Away (2000),Star Wars: Episode V - The Empire Strikes Back (1980)]","[Beauty and the Beast (1991),Forrest Gump (1994),Rain Man (1988)]"
39,"Die Hard (1988)","artsy","[Naked Gun 33 1/3: The Final Insult (1994),Fargo (1996),Fish Called Wanda, A (1988)]","[Pirates of the Caribbean: The Curse of the Black Pearl (2003),Ghostbusters (a.k.a. Ghost Busters) (1984),Beetlejuice (1988),Speed (1994),Gladiator (2000),Saving Private Ryan (1998)]","[Grease (1978)]"
39,"Forrest Gump (1994)","heartfelt","[Ghostbusters (a.k.a. Ghost Busters) (1984),Catch Me If You Can (2002),The Santa Clause (1994),Batman (1989),Die Hard 2 (1990),Sin City (2005)]","[Much Ado About Nothing (1993),Cast Away (2000),Jerry Maguire (1996)]","[One Flew Over the Cuckoo's Nest (1975)]"
40,"The Truman Show (1998)","artsy","[Blade Runner (1982),Shrek 2 (2004),Die Hard (1988),Top Gun (1986),Back to the Future Part III (1990),Full Metal Jacket (1987),The Lion King (1994),Close Encounters of the Third Kind (1977),Saving Private Ryan (1998)]","[Crouching Tiger, Hidden Dragon (Wo hu cang long) (2000)]",NULL
40,"Eraser (1996)","heartfelt","[Scream (1996)]","[Die Hard: With a Vengeance (1995),Amadeus (1984),Inception (2010),In the Line of Fire (1993),Clueless (1995)]","[E.T. the Extra-Terrestrial (1982),Finding Nemo (2003),Bug's Life, A (1998),The Wizard of Oz (1939)]"
41,"The Mummy (1999)","artsy","[Air Force One (1997),GoldenEye (1995),The Firm (1993)]","[Scream (1996),The Mask (1994)]","[Die Hard (1988),Ocean's Eleven (2001),Cast Away (2000),Full Metal Jacket (1987),North by Northwest (1959)]"
41,"Rain Man (1988)","heartfelt","[The Lord of the Rings: The Fellowship of the Ring (2001),Amadeus (1984),Rushmore (1998),Jaws (1975),Eyes Wide Shut (1999),Robin Hood: Men in Tights (1993)]","[Titanic (1997),Apollo 13 (1995),Jumanji (1995)]","[The Sound of Music (1965)]"
42,"Outbreak (1995)","artsy",NULL,"[X-Men (2000),Star Wars: Episode I - The Phantom Menace (1999),While You Were Sleeping (1995),Twister (1996),Dances with Wolves (1990),The Lord of the Rings: The Return of the King (2003),Austin Powers: International Man of Mystery (1997),Office Space (1999)]","[The Truth About Cats & Dogs (1996),The Birdcage (1996)]"
42,"2001: A Space Odyssey (1968)","heartfelt","[Fargo (1996),Inception (2010)]","[Ghostbusters (a.k.a. Ghost Busters) (1984),Clueless (1995)]","[The Lion King (1994),Honey, I Shrunk the Kids (1989),Shakespeare in Love (1998),The Breakfast Club (1985),Dead Poets Society (1989),The Sound of Music (1965)]"
43,"Jurassic Park (1993)","artsy",NULL,"[Back to the Future Part III (1990),The Godfather (1972),Bug's Life, A (1998),The Lord of the Rings: The Fellowship of the Ring (2001),Monty Python's Life of Brian (1979),Happy Gilmore (1996),Stand by Me (1986),Natural Born Killers (1994),To Kill a Mockingbird (1962),Ghost (1990)]",NULL
43,"The Full Monty (1997)","heartfelt","[Star Wars: Episode VI - Return of the Jedi (1983),The Mask (1994),RoboCop (1987)]","[Snatch (2000),Back to the Future Part III (1990)]","[Schindler's List (1993),To Kill a Mockingbird (1962),The Godfather (1972),Casino (1995),The Birdcage (1996)]"
44,"Jaws (1975)","artsy",NULL,"[Twister (1996),Finding Nemo (2003),Pretty Woman (1990)]","[As Good as It Gets (1997),Back to the Future Part II (1989),One Flew Over the Cuckoo's Nest (1975),Few Good Men, A (1992),Babe (1995),The Wizard of Oz (1939),Clockwork Orange, A (1971)]"
44,"When Harry Met Sally... (1989)","heartfelt","[Liar Liar (1997),Dumb & Dumber (Dumb and Dumber) (1994),Fish Called Wanda, A (1988),Honey, I Shrunk the Kids (1989),Raiders of the Lost Ark (Indiana Jones and the Raiders of the Lost Ark) (1981),Jurassic Park (1993),The Mummy (1999),Finding Nemo (2003)]","[Lost in Translation (2003)]","[Casablanca (1942)]"
45,"Back to the Future Part III (1990)","artsy","[Contact (1997),Coneheads (1993),The Shining (1980),Schindler's List (1993),Die Hard 2 (1990)]","[Pirates of the Caribbean: The Curse of the Black Pearl (2003),Back to the Future (1985),Batman Forever (1995),Gladiator (2000),Edward Scissorhands (1990)]",NULL
45,"The Cable Guy (1996)","heartfelt","[True Lies (1994),The Game (1997),Arachnophobia (1990),The Mummy (1999),Pulp Fiction (1994)]","[The Santa Clause (1994),There's Something About Mary (1998),Monsters, Inc. (2001)]","[Rain Man (1988),Beauty and the Beast (1991)]"
46,"Back to the Future (1985)","artsy","[Shrek 2 (2004),The Godfather (1972),Jerry Maguire (1996),Kill Bill: Vol. 1 (2003),Clockwork Orange, A (1971),Scream (1996),Schindler's List (1993)]","[Aliens (1986),Star Trek: Generations (1994)]","[Blade Runner (1982)]"
46,"The Blues Brothers (1980)","heartfelt","[Star Trek: First Contact (1996),Crimson Tide (1995),Die Hard 2 (1990),Tombstone (1993),Ocean's Eleven (2001)]","[True Lies (1994),Airplane! (1980)]","[Titanic (1997),There's Something About Mary (1998),True Romance (1993)]"
47,"Terminator 2: Judgment Day (1991)","artsy","[The Net (1995),Hot Shots! Part Deux (1993),To Kill a Mockingbird (1962)]","[Groundhog Day (1993),Election (1999),Jurassic Park (1993)]","[The Lord of the Rings: The Two Towers (2002),Edward Scissorhands (1990),Amelie (Fabuleux destin d'Amélie Poulain, Le) (2001),Titanic (1997)]"
47,"The Net (1995)","heartfelt","[Being John Malkovich (1999),Total Recall (1990),The Mask (1994),GoldenEye (1995)]","[My Cousin Vinny (1992),The Fifth Element (1997),Die Hard: With a Vengeance (1995)]","[Mrs. Doubtfire (1993),The Wizard of Oz (1939),Edward Scissorhands (1990)]"
48,"Home Alone (1990)","artsy","[The Breakfast Club (1985)]","[Batman Begins (2005)]","[The Lord of the Rings: The Two Towers (2002),Jumanji (1995),Terminator 2: Judgment Day (1991),E.T. the Extra-Terrestrial (1982),Star Wars: Episode V - The Empire Strikes Back (1980),Back to the Future (1985),Back to the Future Part II (1989),Waterworld (1995)]"
48,"Saving Private Ryan (1998)","heartfelt","[Willy Wonka & the Chocolate Factory (1971),Jumanji (1995),The Incredibles (2004),Beauty and the Beast (1991),The Dark Knight (2008),Monsters, Inc. (2001),Clerks (1994),Austin Powers: The Spy Who Shagged Me (1999)]","[The Nightmare Before Christmas (1993),Armageddon (1998)]",NULL
49,"Liar Liar (1997)","artsy","[Kill Bill: Vol. 1 (2003)]","[Raiders of the Lost Ark (Indiana Jones and the Raiders of the Lost Ark) (1981),Good Will Hunting (1997),The Birdcage (1996),The Firm (1993),The Silence of the Lambs (1991),Men in Black (a.k.a. MIB) (1997)]","[X-Men (2000),Toy Story (1995),To Kill a Mockingbird (1962)]"
49,"Crimson Tide (1995)","heartfelt","[Pulp Fiction (1994),Raiders of the Lost Ark (Indiana Jones and the Raiders of the Lost Ark) (1981)]","[Lethal Weapon (1987),X-Men (2000),Men in Black (a.k.a. MIB) (1997)]","[Happy Gilmore (1996),The Lion King (1994),Catch Me If You Can (2002),Dead Poets Society (1989),Lost in Translation (2003)]"
50,"Armageddon (1998)","artsy","[The Nutty Professor (1996),Groundhog Day (1993),Meet the Parents (2000)]","[Spider-Man (2002),Snow White and the Seven Dwarfs (1937),Superman (1978),Rocky (1976),Face/Off (1997)]","[Minority Report (2002),The Princess Bride (1987)]"
50,"Armageddon (1998)","heartfelt","[American Pie (1999),Vertigo (1958),The Princess Bride (1987),Spider-Man (2002),Young Frankenstein (1974)]","[Star Wars: Episode V - The Empire Strikes Back (1980),Finding Nemo (2003)]","[Forrest Gump (1994),Aladdin (1992),The Blues Brothers (1980)]"
51,"Home Alone (1990)","artsy","[Congo (1995),Predator (1987),Star Wars: Episode V - The Empire Strikes Back (1980),Die Hard (1988)]","[Ace Ventura: When Nature Calls (1995),The Truman Show (1998),Chicken Run (2000)]","[The Big Lebowski (1998),This Is Spinal Tap (1984),Ed Wood (1994)]"
51,"Boogie Nights (1997)","heartfelt","[GoldenEye (1995),The Departed (2006),The Fugitive (1993),The Lost World: Jurassic Park (1997)]","[Fargo (1996),Chinatown (1974)]","[The Incredibles (2004),The Green Mile (1999),Pleasantville (1998),Honey, I Shrunk the Kids (1989)]"
52,"Romancing the Stone (1984)","artsy","[Meet the Parents (2000),Con Air (1997)]","[Mission: Impossible II (2000),Catch Me If You Can (2002),The Fugitive (1993),Die Hard 2 (1990),Home Alone (1990)]","[Edward Scissorhands (1990),Rain Man (1988),Gone with the Wind (1939)]"
52,"The English Patient (1996)","heartfelt","[Inception (2010),Natural Born Killers (1994),Jurassic Park (1993),South Park: Bigger, Longer and Uncut (1999),Batman (1989),Terminator 2: Judgment Day (1991),Con Air (1997)]",NULL,"[Mrs. Doubtfire (1993),Beetlejuice (1988),The Breakfast Club (1985)]"
53,"The Princess Bride (1987)","artsy","[Stand by Me (1986),Taxi Driver (1976),American Beauty (1999)]","[Mission: Impossible (1996),Happy Gilmore (1996)]","[The Nutty Professor (1996),Men in Black (a.k.a. MIB) (1997),Toy Story 2 (1999),Armageddon (1998),The Lion King (1994)]"
53,"Fish Called Wanda, A (1988)","heartfelt","[Monty Python's Life of Brian (1979),Maverick (1994),The Terminator (1984),The Fifth Element (1997)]","[The Santa Clause (1994),Star Trek II: The Wrath of Khan (1982),Heat (1995)]","[The Lord of the Rings: The Fellowship of the Ring (2001),Cast Away (2000),Harry Potter and the Sorcerer's Stone (a.k.a. Harry Potter and the Philosopher's Stone) (2001)]"
54,"Honey, I Shrunk the Kids (1989)","artsy","[Beverly Hills Cop III (1994),The Silence of the Lambs (1991),Ace Ventura: When Nature Calls (1995),The Bourne Identity (2002),American Pie (1999),Apocalypse Now (1979),As Good as It Gets (1997)]",NULL,"[Twister (1996),Spider-Man (2002),Star Wars: Episode IV - A New Hope (1977)]"
54,"Judge Dredd (1995)","heartfelt","[Aliens (1986),The Lord of the Rings: The Two Towers (2002),Star Trek II: The Wrath of Khan (1982),Star Wars: Episode IV - A New Hope (1977),X-Men (2000)]","[Men in Black (a.k.a. MIB) (1997),Coneheads (1993)]","[The Green Mile (1999),E.T. the Extra-Terrestrial (1982),Armageddon (1998)]"
55,"The Wizard of Oz (1939)","artsy","[The Incredibles (2004),American Pie (1999),The Santa Clause (1994),Back to the Future Part II (1989),Back to the Future (1985)]","[The Lord of the Rings: The Two Towers (2002),Schindler's List (1993),Memento (2000)]","[2001: A Space Odyssey (1968),Edward Scissorhands (1990)]"
55,"The Game (1997)","heartfelt","[Mission: Impossible (1996),The Shining (1980)]","[Titanic (1997),The Lord of the Rings: The Return of the King (2003),Amadeus (1984),The Nutty Professor (1996),Jumanji (1995),Gladiator (2000),Wallace & Gromit: The Wrong Trousers (1993)]","[Babe (1995)]"
56,"Citizen Kane (1941)","artsy","[Jaws (1975),Romancing the Stone (1984),Toy Story 2 (1999),The Shining (1980),Honey, I Shrunk the Kids (1989),Traffic (2000),Sleepless in Seattle (1993),Clerks (1994)]","[Fargo (1996),Inception (2010)]",NULL
56,"Dumb & Dumber (Dumb and Dumber) (1994)","heartfelt","[American Beauty (1999),Taxi Driver (1976),Traffic (2000),Jurassic Park (1993),Catch Me If You Can (2002),The Shining (1980)]","[Willy Wonka & the Chocolate Factory (1971),Home Alone (1990),Apollo 13 (1995),The Truman Show (1998)]",NULL
57,"Independence Day (a.k.a. ID4) (1996)","artsy","[American Pie (1999),American History X (1998)]","[The Santa Clause (1994),Face/Off (1997),Robin Hood: Men in Tights (1993),X2: X-Men United (2003)]","[Edward Scissorhands (1990),Mary Poppins (1964),Grease (1978),2001: A Space Odyssey (1968)]"
57,"Die Hard 2 (1990)","heartfelt","[Requiem for a Dream (2000),Apocalypse Now (1979),The Hunt for Red October (1990),Eyes Wide Shut (1999),2001: A Space Odyssey (1968)]","[Top Gun (1986),Reservoir Dogs (1992),Spider-Man (2002),The Crow (1994)]","[The Little Mermaid (1989)]"
58,"Fight Club (1999)","artsy","[Batman Forever (1995),Austin Powers: International Man of Mystery (1997),Raiders of the Lost Ark (Indiana Jones and the Raiders of the Lost Ark) (1981),Ghost (1990),Alien (1979),Air Force One (1997),Meet the Parents (2000),Office Space (1999)]","[Cast Away (2000),The Sound of Music (1965)]",NULL
58,"True Lies (1994)","heartfelt","[The Big Lebowski (1998),The Mummy (1999)]","[Dumb & Dumber (Dumb and Dumber) (1994),Office Space (1999),Ransom (1996)]","[High Fidelity (2000),Sleepless in Seattle (1993),Ghost (1990),Pirates of the Caribbean: The Curse of the Black Pearl (2003),The Lord of the Rings: The Two Towers (2002)]"
59,"Harry Potter and the Sorcerer's Stone (a.k.a. Harry Potter and the Philosopher's Stone) (2001)","artsy","[Honey, I Shrunk the Kids (1989)]","[Ghostbusters (a.k.a. Ghost Busters) (1984),Terminator 2: Judgment Day (1991),Mars Attacks! (1996),Who Framed Roger Rabbit? (1988),X2: X-Men United (2003),E.T. the Extra-Terrestrial (1982)]","[Star Wars: Episode I - The Phantom Menace (1999),Shrek 2 (2004),Jumanji (1995)]"
59,"Beetlejuice (1988)","heartfelt","[Who Framed Roger Rabbit? (1988)]","[V for Vendetta (2006),The Lost World: Jurassic Park (1997),Indiana Jones and the Temple of Doom (1984),The Lord of the Rings: The Return of the King (2003)]","[E.T. the Extra-Terrestrial (1982),Toy Story (1995),Home Alone (1990),Monsters, Inc. (2001),Beauty and the Beast (1991)]"
60,"Bug's Life, A (1998)","artsy","[Jurassic Park (1993),Home Alone (1990),Fight Club (1999)]","[Grease (1978),Chicken Run (2000),Shrek 2 (2004),The Incredibles (2004)]","[Pulp Fiction (1994),Monty Python and the Holy Grail (1975),Ace Ventura: When Nature Calls (1995)]"
60,"Seven (a.k.a. Se7en) (1995)","heartfelt","[Kill Bill: Vol. 2 (2004),Coneheads (1993)]","[Ocean's Eleven (2001),Indiana Jones and the Temple of Doom (1984)]","[Finding Nemo (2003),Honey, I Shrunk the Kids (1989),Willy Wonka & the Chocolate Factory (1971),Toy Story 2 (1999),Toy Story (1995),Airplane! (1980)]"
61,"Mary Poppins (1964)","artsy","[Cast Away (2000),The Breakfast Club (1985)]","[Titanic (1997),Ace Ventura: Pet Detective (1994),Aladdin (1992)]","[Back to the Future Part II (1989),The Lost World: Jurassic Park (1997),The Mask (1994),The Incredibles (2004),E.T. the Extra-Terrestrial (1982)]"
61,"Aliens (1986)","heartfelt","[The Matrix Reloaded (2003),Jurassic Park (1993),The Hunt for Red October (1990),Terminator 2: Judgment Day (1991),The Mask (1994),Shrek (2001),Jaws (1975)]","[Gladiator (2000)]","[Snow White and the Seven Dwarfs (1937),E.T. the Extra-Terrestrial (1982)]"
62,"Alien (1979)","artsy","[Casino (1995),Rain Man (1988),Indiana Jones and the Temple of Doom (1984),Seven (a.k.a. Se7en) (1995)]","[The Mask (1994),Aladdin (1992),Star Wars: Episode VI - Return of the Jedi (1983),Willy Wonka & the Chocolate Factory (1971)]","[Monsters, Inc. (2001),The Lord of the Rings: The Fellowship of the Ring (2001)]"
62,"The Mask (1994)","heartfelt","[Reservoir Dogs (1992),Butch Cassidy and the Sundance Kid (1969)]","[Jaws (1975),Men in Black (a.k.a. MIB) (1997)]","[The Lord of the Rings: The Two Towers (2002),Beauty and the Beast (1991),The Incredibles (2004),Chicken Run (2000),Schindler's List (1993),The Lion King (1994)]"
63,"Good Will Hunting (1997)","artsy",NULL,"[Almost Famous (2000),Batman (1989),Die Hard: With a Vengeance (1995),True Lies (1994),Rocky (1976),Gone with the Wind (1939),The Hunt for Red October (1990)]","[Star Wars: Episode I - The Phantom Menace (1999),Willy Wonka & the Chocolate Factory (1971),The Incredibles (2004)]"
63,"The Godfather (1972)","heartfelt","[The Mummy (1999),The Incredibles (2004),Superman (1978),Harry Potter and the Sorcerer's Stone (a.k.a. Harry Potter and the Philosopher's Stone) (2001),Star Wars: Episode V - The Empire Strikes Back (1980),Apollo 13 (1995),The Little Mermaid (1989)]","[Spider-Man 2 (2004),Tombstone (1993),The Godfather: Part II (1974)]",NULL
64,"Superman (1978)","artsy","[The Nutty Professor (1996),Cast Away (2000),Home Alone (1990),Shrek 2 (2004),The Lion King (1994)]","[Titanic (1997),Spider-Man (2002)]","[The Mummy (1999),The Lord of the Rings: The Return of the King (2003),Mission: Impossible II (2000)]"
64,"Beauty and the Beast (1991)","heartfelt","[The Lord of the Rings: The Fellowship of the Ring (2001),Men in Black (a.k.a. MIB) (1997),The Incredibles (2004)]","[Chicken Run (2000),Superman (1978),Pulp Fiction (1994),Jumanji (1995)]","[Spider-Man 2 (2004),Cast Away (2000),E.T. the Extra-Terrestrial (1982)]"
65,"Honey, I Shrunk the Kids (1989)","artsy","[Grease (1978)]","[Back to the Future Part II (1989)]","[Beautiful Mind, A (2001),Quiz Show (1994),Crouching Tiger, Hidden Dragon (Wo hu cang long) (2000),The Lord of the Rings: The Fellowship of the Ring (2001),Sin City (2005),Indiana Jones and the Temple of Doom (1984),Raiders of the Lost Ark (Indiana Jones and the Raiders of the Lost Ark) (1981),Four Weddings and a Funeral (1994)]"
65,"Legends of the Fall (1994)","heartfelt","[The Blair Witch Project (1999),Snow White and the Seven Dwarfs (1937),Lethal Weapon (1987)]","[Shakespeare in Love (1998),Gladiator (2000),The Bourne Identity (2002),Pulp Fiction (1994)]","[Rocky (1976),Babe (1995),Sleepless in Seattle (1993)]"
66,"The Truman Show (1998)","artsy","[Toy Story 2 (1999),Austin Powers: International Man of Mystery (1997),Die Hard (1988),Lethal Weapon (1987),Coneheads (1993),Harry Potter and the Sorcerer's Stone (a.k.a. Harry Potter and the Philosopher's Stone) (2001),Ace Ventura: When Nature Calls (1995),Die Hard: With a Vengeance (1995),E.T. the Extra-Terrestrial (1982),The Mask (1994)]",NULL,NULL
66,"Beetlejuice (1988)","heartfelt",NULL,"[Robin Hood: Men in Tights (1993)]","[Reservoir Dogs (1992),Beautiful Mind, A (2001),Crouching Tiger, Hidden Dragon (Wo hu cang long) (2000),Back to the Future Part II (1989),Beauty and the Beast (1991),Starship Troopers (1997),E.T. the Extra-Terrestrial (1982),The Lord of the Rings: The Two Towers (2002),Forrest Gump (1994)]"
67,"Austin Powers: International Man of Mystery (1997)","artsy",NULL,"[Liar Liar (1997),Naked Gun 33 1/3: The Final Insult (1994),The Nightmare Before Christmas (1993),As Good as It Gets (1997)]","[The Untouchables (1987),Independence Day (a.k.a. ID4) (1996),Cast Away (2000),The Blair Witch Project (1999),Mr. Holland's Opus (1995),The Wizard of Oz (1939)]"
67,"Jurassic Park (1993)","heartfelt","[Pulp Fiction (1994),Mary Poppins (1964),The Lion King (1994),Monsters, Inc. (2001),Young Frankenstein (1974),Maverick (1994)]",NULL,"[Star Wars: Episode V - The Empire Strikes Back (1980),Good Will Hunting (1997),Eyes Wide Shut (1999),Kill Bill: Vol. 2 (2004)]"
68,"Honey, I Shrunk the Kids (1989)","artsy",NULL,"[Star Wars: Episode VI - Return of the Jedi (1983),Pirates of the Caribbean: The Curse of the Black Pearl (2003),Jumanji (1995),The Usual Suspects (1995),Toy Story 2 (1999)]","[American Beauty (1999),Trainspotting (1996),One Flew Over the Cuckoo's Nest (1975),Beautiful Mind, A (2001),The Silence of the Lambs (1991)]"
68,"The Usual Suspects (1995)","heartfelt","[Jaws (1975),Twister (1996)]","[Kill Bill: Vol. 2 (2004),Fight Club (1999)]","[Spider-Man (2002),Rocky (1976),The Lion King (1994),Finding Nemo (2003),Back to the Future Part III (1990),Clerks (1994)]"
69,"Arachnophobia (1990)","artsy","[As Good as It Gets (1997),Coneheads (1993),The Lion King (1994)]","[Harry Potter and the Sorcerer's Stone (a.k.a. Harry Potter and the Philosopher's Stone) (2001),The Sound of Music (1965),Rain Man (1988)]","[Edward Scissorhands (1990),Reservoir Dogs (1992),Almost Famous (2000),The Usual Suspects (1995)]"
69,"Pulp Fiction (1994)","heartfelt","[Austin Powers: The Spy Who Shagged Me (1999)]","[The Lord of the Rings: The Fellowship of the Ring (2001),The Wizard of Oz (1939),Psycho (1960)]","[Amelie (Fabuleux destin d'Amélie Poulain, Le) (2001),Shrek 2 (2004),It's a Wonderful Life (1946),Forrest Gump (1994),Beautiful Mind, A (2001),When Harry Met Sally... (1989)]"
70,"Coneheads (1993)","artsy","[American Pie (1999),RoboCop (1987),The Silence of the Lambs (1991),When Harry Met Sally... (1989),Saving Private Ryan (1998),Legends of the Fall (1994),Die Hard 2 (1990)]","[Batman Begins (2005),Natural Born Killers (1994)]","[Beetlejuice (1988)]"
70,"Casino (1995)","heartfelt","[Coneheads (1993)]","[Natural Born Killers (1994),Indiana Jones and the Last Crusade (1989),The Big Lebowski (1998),The Silence of the Lambs (1991),X2: X-Men United (2003)]","[The Lord of the Rings: The Fellowship of the Ring (2001),Lethal Weapon (1987),Ghost (1990),The Lord of the Rings: The Return of the King (2003)]"
71,"American Pie (1999)","artsy","[The Santa Clause (1994),Harry Potter and the Chamber of Secrets (2002),Monsters, Inc. (2001)]","[Star Wars: Episode I - The Phantom Menace (1999),Toy Story 2 (1999),Willy Wonka & the Chocolate Factory (1971),Ace Ventura: When Nature Calls (1995)]","[The Nightmare Before Christmas (1993),Beauty and the Beast (1991),To Kill a Mockingbird (1962)]"
71,"Beetlejuice (1988)","heartfelt","[American Pie (1999),The Mask (1994),This Is Spinal Tap (1984)]","[Star Wars: Episode I - The Phantom Menace (1999),Spider-Man (2002),Interview with the Vampire: The Vampire Chronicles (1994)]","[To Kill a Mockingbird (1962),The Sound of Music (1965),The Princess Bride (1987),Aladdin (1992)]"
72,"Fight Club (1999)","artsy","[There's Something About Mary (1998),Beverly Hills Cop III (1994)]","[Natural Born Killers (1994),American Beauty (1999),Spider-Man (2002),The Mask (1994),Gladiator (2000)]","[American History X (1998),Grease (1978),Raiders of the Lost Ark (Indiana Jones and the Raiders of the Lost Ark) (1981)]"
72,"Natural Born Killers (1994)","heartfelt","[Austin Powers: The Spy Who Shagged Me (1999),Jumanji (1995),Who Framed Roger Rabbit? (1988),Harry Potter and the Chamber of Secrets (2002),Austin Powers: International Man of Mystery (1997),The Sound of Music (1965),The Incredibles (2004)]","[Top Gun (1986)]","[Braveheart (1995),Beautiful Mind, A (2001)]"
73,"Titanic (1997)","artsy","[Back to the Future Part II (1989),Toy Story 2 (1999),The Santa Clause (1994),Enemy of the State (1998)]","[Grease (1978),Terminator 2: Judgment Day (1991),When Harry Met Sally... (1989),Charlie's Angels (2000)]","[Babe (1995),Sense and Sensibility (1995)]"
73,"The Big Lebowski (1998)","heartfelt","[The Hunt for Red October (1990),X-Men (2000),Crouching Tiger, Hidden Dragon (Wo hu cang long) (2000),Spider-Man (2002),Jurassic Park (1993)]","[Sense and Sensibility (1995),Back to the Future Part III (1990),Pretty Woman (1990)]","[Beauty and the Beast (1991),It's a Wonderful Life (1946)]"
74,"Species (1995)","artsy","[Clear and Present Danger (1994),Ace Ventura: When Nature Calls (1995),Erin Brockovich (2000)]","[Alien (1979),Aliens (1986),My Cousin Vinny (1992)]","[Face/Off (1997),Ghost (1990),Finding Nemo (2003),Ghostbusters (a.k.a. Ghost Busters) (1984)]"
74,"Interview with the Vampire: The Vampire Chronicles (1994)","heartfelt","[Predator (1987),Goodfellas (1990),Species (1995)]","[Fargo (1996),The Lost World: Jurassic Park (1997),My Cousin Vinny (1992),Terminator 2: Judgment Day (1991),The Hunt for Red October (1990),Catch Me If You Can (2002)]","[Babe (1995)]"
75,"Bug's Life, A (1998)","artsy","[Back to the Future Part III (1990)]","[Toy Story (1995),Shrek (2001)]","[Toy Story 2 (1999)]"
75,"Snow White and the Seven Dwarfs (1937)","heartfelt","[The Crow (1994),Lethal Weapon (1987)]","[Beauty and the Beast (1991),Superman (1978)]","[Desperado (1995),The Lord of the Rings: The Fellowship of the Ring (2001)]"
76,"E.T. the Extra-Terrestrial (1982)","artsy","[Lethal Weapon (1987),GoldenEye (1995),Mission: Impossible (1996)]","[The Sixth Sense (1999),Close Encounters of the Third Kind (1977),What's Eating Gilbert Grape (1993),The Lord of the Rings: The Two Towers (2002)]","[The Shining (1980),Platoon (1986),Edward Scissorhands (1990)]"
76,"Run Lola Run (Lola rennt) (1998)","heartfelt","[Star Wars: Episode I - The Phantom Menace (1999),The Dark Knight (2008),Natural Born Killers (1994)]","[Citizen Kane (1941),Beetlejuice (1988),Harry Potter and the Chamber of Secrets (2002)]","[E.T. the Extra-Terrestrial (1982),Finding Nemo (2003),Blade Runner (1982),Shrek 2 (2004)]"
77,"The Terminator (1984)","artsy","[Grease (1978),Forrest Gump (1994),Liar Liar (1997),Fight Club (1999)]","[V for Vendetta (2006),Get Shorty (1995),Blade Runner (1982)]","[The Wizard of Oz (1939),Who Framed Roger Rabbit? (1988),Mars Attacks! (1996)]"
77,"Goodfellas (1990)","heartfelt","[Erin Brockovich (2000),Scream (1996),Die Hard (1988),Austin Powers: International Man of Mystery (1997),Monsters, Inc. (2001)]","[The Talented Mr. Ripley (1999),The Mummy (1999),X-Men (2000)]","[When Harry Met Sally... (1989),Beauty and the Beast (1991)]"
78,"Jerry Maguire (1996)","artsy","[Naked Gun 33 1/3: The Final Insult (1994),Honey, I Shrunk the Kids (1989)]","[Rocky (1976),Four Weddings and a Funeral (1994)]","[Shrek 2 (2004),Pulp Fiction (1994),The Matrix Reloaded (2003),Ghost (1990),The Sixth Sense (1999),Independence Day (a.k.a. ID4) (1996)]"
78,"True Romance (1993)","heartfelt","[Kill Bill: Vol. 1 (2003),Cliffhanger (1993)]","[Ace Ventura: Pet Detective (1994),There's Something About Mary (1998),Election (1999)]","[Who Framed Roger Rabbit? (1988),The English Patient (1996),The Little Mermaid (1989),What's Eating Gilbert Grape (1993),Aladdin (1992)]"
79,"Dragonheart (1996)","artsy","[Raiders of the Lost Ark (Indiana Jones and the Raiders of the Lost Ark) (1981),Forrest Gump (1994),Twister (1996),Ocean's Eleven (2001),Ghostbusters (a.k.a. Ghost Busters) (1984),Air Force One (1997)]","[Gladiator (2000),Terminator 2: Judgment Day (1991)]","[Back to the Future Part III (1990),The Lord of the Rings: The Return of the King (2003)]"
79,"Jaws (1975)","heartfelt",NULL,"[RoboCop (1987),Braveheart (1995),The Lost World: Jurassic Park (1997),Predator (1987)]","[Shrek (2001),Star Wars: Episode VI - Return of the Jedi (1983),Indiana Jones and the Temple of Doom (1984),Home Alone (1990),Pleasantville (1998),Pretty Woman (1990)]"
80,"Die Hard (1988)","artsy","[Meet the Parents (2000)]","[Top Gun (1986)]","[Face/Off (1997),The Mask (1994),Apocalypse Now (1979),Erin Brockovich (2000),Addams Family Values (1993),The Lost World: Jurassic Park (1997),The Crow (1994),The Untouchables (1987)]"
80,"Ransom (1996)","heartfelt",NULL,"[Charlie's Angels (2000),Mars Attacks! (1996),Indiana Jones and the Temple of Doom (1984),Naked Gun 33 1/3: The Final Insult (1994)]","[Finding Nemo (2003),Dead Poets Society (1989),Monsters, Inc. (2001),Dumb & Dumber (Dumb and Dumber) (1994),Toy Story (1995),Sleepless in Seattle (1993)]"
81,"Ace Ventura: Pet Detective (1994)","artsy","[Terminator 2: Judgment Day (1991)]","[Spider-Man 2 (2004),Back to the Future Part II (1989)]","[The Lion King (1994),Aliens (1986),Election (1999),Citizen Kane (1941),The Birdcage (1996),Kill Bill: Vol. 2 (2004),V for Vendetta (2006)]"
81,"Braveheart (1995)","heartfelt","[The Birdcage (1996),Inception (2010),Men in Black (a.k.a. MIB) (1997),Face/Off (1997)]","[Sleepless in Seattle (1993),Memento (2000),Die Hard: With a Vengeance (1995),The Good, the Bad and the Ugly (Buono, il brutto, il cattivo, Il) (1966)]","[Toy Story (1995),There's Something About Mary (1998)]"
82,"Willy Wonka & the Chocolate Factory (1971)","artsy","[Face/Off (1997),The Big Lebowski (1998),Top Gun (1986)]","[The Nutty Professor (1996),Naked Gun 33 1/3: The Final Insult (1994),Dragonheart (1996),Shrek (2001),The Little Mermaid (1989)]","[Shrek 2 (2004),Toy Story (1995)]"
82,"The Santa Clause (1994)","heartfelt","[Full Metal Jacket (1987),Waterworld (1995),Ocean's Eleven (2001),Monty Python's Life of Brian (1979),Spider-Man (2002),Rear Window (1954)]","[Mrs. Doubtfire (1993),L.A. Confidential (1997),Few Good Men, A (1992)]","[Shakespeare in Love (1998)]"
83,"Toy Story 2 (1999)","artsy","[To Kill a Mockingbird (1962),Home Alone (1990),Mission: Impossible II (2000)]","[Spider-Man 2 (2004),Toy Story (1995),Shrek (2001),Monsters, Inc. (2001),Honey, I Shrunk the Kids (1989),Snow White and the Seven Dwarfs (1937)]","[The Incredibles (2004)]"
83,"Honey, I Shrunk the Kids (1989)","heartfelt","[Blade Runner (1982),X-Men (2000),To Kill a Mockingbird (1962)]","[Monsters, Inc. (2001),Home Alone (1990),Bug's Life, A (1998),The Incredibles (2004)]","[Toy Story (1995),Willy Wonka & the Chocolate Factory (1971),The Sound of Music (1965)]"
84,"The Net (1995)","artsy","[The Nutty Professor (1996),Batman (1989),Romancing the Stone (1984)]","[Con Air (1997),The Untouchables (1987)]","[The Godfather: Part II (1974),The Silence of the Lambs (1991),Dead Man Walking (1995),Harry Potter and the Sorcerer's Stone (a.k.a. Harry Potter and the Philosopher's Stone) (2001),Dr. Strangelove or: How I Learned to Stop Worrying and Love the Bomb (1964)]"
84,"The Cable Guy (1996)","heartfelt","[V for Vendetta (2006),Aliens (1986),Jurassic Park (1993),Ghostbusters (a.k.a. Ghost Busters) (1984)]","[Minority Report (2002),Lethal Weapon (1987)]","[Stand by Me (1986),Twister (1996),Gattaca (1997),When Harry Met Sally... (1989)]"
85,"Superman (1978)","artsy","[Catch Me If You Can (2002),My Cousin Vinny (1992),Eyes Wide Shut (1999),Rocky (1976),The Silence of the Lambs (1991)]","[E.T. the Extra-Terrestrial (1982),Armageddon (1998),The Santa Clause (1994)]","[Beauty and the Beast (1991),Monsters, Inc. (2001)]"
85,"Home Alone (1990)","heartfelt","[Snatch (2000),Arachnophobia (1990),Interview with the Vampire: The Vampire Chronicles (1994),The Cable Guy (1996)]","[Jumanji (1995),The Incredibles (2004),Grease (1978),Beauty and the Beast (1991),Indiana Jones and the Temple of Doom (1984)]","[Erin Brockovich (2000)]"
86,"Men in Black (a.k.a. MIB) (1997)","artsy","[Scream (1996),Beverly Hills Cop III (1994),In the Line of Fire (1993)]","[Mars Attacks! (1996),Apollo 13 (1995),Clueless (1995)]","[The Lord of the Rings: The Fellowship of the Ring (2001),The Princess Bride (1987),Gone with the Wind (1939),The Mummy (1999)]"
86,"Monty Python's Life of Brian (1979)","heartfelt","[Die Hard 2 (1990),Batman (1989),Home Alone (1990),Predator (1987)]","[Shrek 2 (2004),Boogie Nights (1997),Donnie Darko (2001)]","[Superman (1978),When Harry Met Sally... (1989),Dead Man Walking (1995)]"
87,"Annie Hall (1977)","artsy","[X-Men (2000),The Terminator (1984),My Cousin Vinny (1992),Superman (1978),The Cable Guy (1996),American History X (1998)]","[Dead Man Walking (1995),Forrest Gump (1994),Beautiful Mind, A (2001)]","[The Lion King (1994)]"
87,"Hot Shots! Part Deux (1993)","heartfelt",NULL,"[Ghostbusters (a.k.a. Ghost Busters) (1984),Star Trek: First Contact (1996),Robin Hood: Men in Tights (1993),Seven (a.k.a. Se7en) (1995),Fargo (1996)]","[Saving Private Ryan (1998),Toy Story (1995),Crouching Tiger, Hidden Dragon (Wo hu cang long) (2000),What's Eating Gilbert Grape (1993),Dead Poets Society (1989)]"
88,"Austin Powers: International Man of Mystery (1997)","artsy","[Groundhog Day (1993),Mission: Impossible (1996),Jurassic Park (1993),Taxi Driver (1976),Citizen Kane (1941),Big (1988)]","[X2: X-Men United (2003),Austin Powers: The Spy Who Shagged Me (1999)]","[Jumanji (1995),The Lord of the Rings: The Two Towers (2002)]"
88,"Austin Powers: International Man of Mystery (1997)","heartfelt","[Clear and Present Danger (1994),The Terminator (1984),Jaws (1975),Total Recall (1990)]","[Happy Gilmore (1996),The Lord of the Rings: The Fellowship of the Ring (2001),Batman Forever (1995),Monty Python and the Holy Grail (1975),Fargo (1996)]","[Shrek 2 (2004)]"
89,"Mary Poppins (1964)","artsy",NULL,"[Pretty Woman (1990),Mrs. Doubtfire (1993),Sense and Sensibility (1995),Traffic (2000),The Godfather: Part II (1974),Contact (1997),Back to the Future (1985)]","[The Incredibles (2004),Titanic (1997),X-Men (2000)]"
89,"V for Vendetta (2006)","heartfelt","[Groundhog Day (1993),Home Alone (1990),Minority Report (2002),Charlie's Angels (2000),Austin Powers: International Man of Mystery (1997)]","[Dead Poets Society (1989),Rain Man (1988),L.A. Confidential (1997)]","[Sleepless in Seattle (1993),Eternal Sunshine of the Spotless Mind (2004)]"
90,"Fight Club (1999)","artsy","[Toy Story (1995),The Incredibles (2004),Honey, I Shrunk the Kids (1989),Back to the Future (1985),The Terminator (1984),Willy Wonka & the Chocolate Factory (1971)]","[The Sixth Sense (1999),The Silence of the Lambs (1991),The Green Mile (1999),The Lord of the Rings: The Fellowship of the Ring (2001)]",NULL
90,"The Sixth Sense (1999)","heartfelt","[Fight Club (1999),The Silence of the Lambs (1991),Amelie (Fabuleux destin d'Amélie Poulain, Le) (2001),Independence Day (a.k.a. ID4) (1996)]","[Back to the Future Part II (1989)]","[Gone with the Wind (1939),Groundhog Day (1993),The Birdcage (1996),Toy Story 2 (1999),Chicken Run (2000)]"
91,"Honey, I Shrunk the Kids (1989)","artsy","[Monty Python and the Holy Grail (1975),Dumb & Dumber (Dumb and Dumber) (1994)]","[Mrs. Doubtfire (1993),The Santa Clause (1994),Raiders of the Lost Ark (Indiana Jones and the Raiders of the Lost Ark) (1981)]","[Good Will Hunting (1997),Ghost (1990),The Lord of the Rings: The Return of the King (2003),Titanic (1997),Batman Begins (2005)]"
91,"The Fugitive (1993)","heartfelt","[Ace Ventura: Pet Detective (1994),Charlie's Angels (2000),Shrek (2001),Monty Python and the Holy Grail (1975)]","[Star Wars: Episode VI - Return of the Jedi (1983),The Lost World: Jurassic Park (1997)]","[Harry Potter and the Sorcerer's Stone (a.k.a. Harry Potter and the Philosopher's Stone) (2001),The Incredibles (2004),Jumanji (1995),Mary Poppins (1964)]"
92,"Species (1995)","artsy","[Coneheads (1993),Airplane! (1980),Lethal Weapon (1987),Ace Ventura: When Nature Calls (1995),Jumanji (1995)]","[Armageddon (1998),Raiders of the Lost Ark (Indiana Jones and the Raiders of the Lost Ark) (1981),Pirates of the Caribbean: The Curse of the Black Pearl (2003)]","[Goodfellas (1990),Addams Family Values (1993)]"
92,"The Big Lebowski (1998)","heartfelt","[The Nutty Professor (1996),Robin Hood: Men in Tights (1993),Ace Ventura: Pet Detective (1994)]","[Terminator 2: Judgment Day (1991),The Blair Witch Project (1999)]","[Dances with Wolves (1990),Face/Off (1997),Saving Private Ryan (1998),Dogma (1999),Apollo 13 (1995)]"
93,"Indiana Jones and the Last Crusade (1989)","artsy","[Airplane! (1980),Ace Ventura: Pet Detective (1994),Austin Powers: The Spy Who Shagged Me (1999),My Cousin Vinny (1992)]","[Aladdin (1992),Spider-Man (2002)]","[The Departed (2006),The Godfather (1972),Star Wars: Episode IV - A New Hope (1977),Star Wars: Episode VI - Return of the Jedi (1983)]"
93,"Outbreak (1995)","heartfelt","[The Bourne Identity (2002),Independence Day (a.k.a. ID4) (1996),Back to the Future (1985),The Matrix Reloaded (2003)]","[Grease (1978),Much Ado About Nothing (1993),Erin Brockovich (2000),Waterworld (1995),Top Gun (1986)]","[Good Will Hunting (1997)]"
94,"Groundhog Day (1993)","artsy","[Honey, I Shrunk the Kids (1989),Dumb & Dumber (Dumb and Dumber) (1994),Happy Gilmore (1996)]","[Pirates of the Caribbean: The Curse of the Black Pearl (2003),There's Something About Mary (1998),When Harry Met Sally... (1989)]","[The Wizard of Oz (1939),Back to the Future (1985),Harry Potter and the Sorcerer's Stone (a.k.a. Harry Potter and the Philosopher's Stone) (2001),Aladdin (1992)]"
94,"The Little Mermaid (1989)","heartfelt","[Grosse Pointe Blank (1997),V for Vendetta (2006),Psycho (1960),Good Will Hunting (1997),The Lost World: Jurassic Park (1997),The Lord of the Rings: The Fellowship of the Ring (2001)]","[Groundhog Day (1993)]","[Eternal Sunshine of the Spotless Mind (2004),The Sound of Music (1965),Being John Malkovich (1999)]"
95,"Jerry Maguire (1996)","artsy","[Much Ado About Nothing (1993)]","[Liar Liar (1997),Natural Born Killers (1994),The Blues Brothers (1980),Grease (1978)]","[Who Framed Roger Rabbit? (1988),Mrs. Doubtfire (1993),Willy Wonka & the Chocolate Factory (1971),The Matrix Reloaded (2003),Pulp Fiction (1994)]"
95,"Pulp Fiction (1994)","heartfelt",NULL,"[Raiders of the Lost Ark (Indiana Jones and the Raiders of the Lost Ark) (1981),Traffic (2000),The Godfather (1972),Independence Day (a.k.a. ID4) (1996),Braveheart (1995),Liar Liar (1997),The Full Monty (1997)]","[Trainspotting (1996),Schindler's List (1993),The Little Mermaid (1989)]"
96,"Top Gun (1986)","artsy","[Meet the Parents (2000),Philadelphia (1993),Good Will Hunting (1997)]","[The Fugitive (1993),Big (1988),The Godfather (1972),Mrs. Doubtfire (1993)]","[Titanic (1997),North by Northwest (1959),Twelve Monkeys (a.k.a. 12 Monkeys) (1995)]"
96,"Twelve Monkeys (a.k.a. 12 Monkeys) (1995)","heartfelt","[Ghostbusters (a.k.a. Ghost Busters) (1984)]","[Fargo (1996),Top Gun (1986),Twister (1996),Armageddon (1998)]","[Beauty and the Beast (1991),Jumanji (1995),E.T. the Extra-Terrestrial (1982),Mrs. Doubtfire (1993),Beautiful Mind, A (2001)]"
97,"Few Good Men, A (1992)","artsy",NULL,"[GoldenEye (1995),True Lies (1994),Philadelphia (1993),Pirates of the Caribbean: The Curse of the Black Pearl (2003)]","[Annie Hall (1977),L.A. Confidential (1997),The Wizard of Oz (1939),The Lord of the Rings: The Two Towers (2002),The Fifth Element (1997),Snow White and the Seven Dwarfs (1937)]"
97,"Beauty and the Beast (1991)","heartfelt","[The Departed (2006),The Net (1995),Clerks (1994),Wallace & Gromit: The Wrong Trousers (1993),Indiana Jones and the Temple of Doom (1984),Star Wars: Episode VI - Return of the Jedi (1983),Jurassic Park (1993),Harry Potter and the Sorcerer's Stone (a.k.a. Harry Potter and the Philosopher's Stone) (2001)]","[Edward Scissorhands (1990)]","[Schindler's List (1993)]"
98,"The Truth About Cats & Dogs (1996)","artsy","[The Little Mermaid (1989),Ace Ventura: Pet Detective (1994)]","[Cast Away (2000),There's Something About Mary (1998),Raiders of the Lost Ark (Indiana Jones and the Raiders of the Lost Ark) (1981),Four Weddings and a Funeral (1994)]","[Rushmore (1998),Casablanca (1942),Clerks (1994),The Dark Knight (2008)]"
98,"Forrest Gump (1994)","heartfelt","[Aliens (1986),The Blair Witch Project (1999),The Firm (1993),Addams Family Values (1993),Who Framed Roger Rabbit? (1988),Mission: Impossible II (2000)]","[Beautiful Mind, A (2001),Few Good Men, A (1992)]","[Legends of the Fall (1994),Stand by Me (1986)]"
99,"Ace Ventura: Pet Detective (1994)","artsy","[The Hunt for Red October (1990),American History X (1998),Die Hard (1988),Philadelphia (1993),The Terminator (1984)]","[Toy Story 2 (1999),Forrest Gump (1994)]","[Aladdin (1992),Spider-Man 2 (2004),Arachnophobia (1990)]"
99,"Coneheads (1993)","heartfelt","[Lethal Weapon (1987),Get Shorty (1995),Spider-Man (2002),Groundhog Day (1993),Mission: Impossible (1996),Indiana Jones and the Last Crusade (1989)]","[Beautiful Mind, A (2001),Jerry Maguire (1996),Big (1988)]","[Snow White and the Seven Dwarfs (1937)]"
100,"Titanic (1997)","artsy","[The Lost World: Jurassic Park (1997),The Big Lebowski (1998)]","[Men in Black (a.k.a. MIB) (1997),Catch Me If You Can (2002),Dumb & Dumber (Dumb and Dumber) (1994),Mrs. Doubtfire (1993)]","[Willy Wonka & the Chocolate Factory (1971),Spider-Man 2 (2004),Shrek (2001),Honey, I Shrunk the Kids (1989)]"
100,"Goodfellas (1990)","heartfelt","[X-Men (2000),Jumanji (1995),Happy Gilmore (1996),Indiana Jones and the Temple of Doom (1984),The Mask (1994),Spider-Man (2002),Terminator 2: Judgment Day (1991),V for Vendetta (2006)]","[Jaws (1975),The Lord of the Rings: The Fellowship of the Ring (2001)]",NULL
